Reference,Year,Organization,Behavior,Specific Behavior,Method,Domain,Language,Country Studied,Country of Researchers,DOI,Title,Authors,Source
[143],2024,Google,Distortion,Personalization,Crowdsourcing,Search,English,Denmark,Denmark,https://doi.org/10.1002/asi.24892,"Screenshotting partial perspectives: The case of Danish mink in Google search results. Journal of the Association for Information Science and Technology 75, 10 (Oct. 2024),",Renée Ridgway,Urman et al.
[193],2024,Twitter,Distortion,News distribution,Crowdsourcing,Recommendation,English,US,US,https://doi.org/10.1145/3687046,"Lower Quantity, Higher Quality: Auditing News Content and User Perceptions on Twitter/X Algorithmic versus Chronological Timelines. Proceedings of the ACM on Human-Computer Interaction 8, CSCW2 (Nov. 2024),","Stephanie Wang, Shengchun Huang, Alvin Zhou, and Danaë Metaxa",Urman et al.
[188],2024,Google,Distortion,Personalization,Persona scrape,Search,Dutch,Netherlands,"Netherlands, Germany",https://doi.org/10.1093/jcmc/zmae020,"It matters how you google it? Using agent-based testing to assess the impact of user choices in search queries and algorithmic personalization on political Google Search results. Journal of Computer-Mediated Communication 29, 6 (Sept. 2024), zmae020.Crossref","Marieke Van Hoof, Damian Trilling, Judith Moeller, and Corine S Meppelink",Urman et al.
[101],2024,"ChatGPT, Bing, Perplexity",Distortion,Information quality,Non-persona scrape,"Search, Generative AI",English,Canada,Canada,https://doi.org/10.1002/pra2.1021,"Generative AI Search Engines as Arbiters of Public Knowledge: An Audit of Bias and Authority. Proceedings of the Association for Information Science and Technology 61, 1 (Oct. 2024), 205–217.Digital Library",Alice Li and Luanne Sinnamon,Urman et al.
[80],2024,"Google, Semantic Scholar",Distortion,Information quality,Non-persona scrape,Search,English,"US, Germany","Germany, Switzerland, Austria",https://doi.org/10.5210/fm.v29i11.13730,Examining bias perpetuation in academic search engines: An algorithm audit of Google and Semantic Scholar,"Celina Kacperski, Mona Bielig, Mykola Makhortykh, Maryna Sydorova, and Roberto Ulloa",Urman et al.
[129],2024,Data brokers,Discrimination,User categorization,Repurposing,"Ad delivery, User categorization",English,US,"US, Australia",https://doi.org/10.1287/mnsc.2023.4979,Data Deserts and Black Boxes: The Impact of Socio-Economic Status on Consumer Profiling,"Nico Neumann, Catherine E. Tucker, Levi Kaplan, Alan Mislove, and Piotr Sapiezynski",Urman et al.
[36],2024,Amazon,Discrimination,Discrimination (other),Non-persona scrape,E-commerce,Mixed,"India, US, Germany, France","India, Germany",https://doi.org/10.1145/3686994,"Investigating Nudges toward Related Sellers on E-commerce Marketplaces: A Case Study on Amazon. Proceedings of the ACM on Human-Computer Interaction 8, CSCW2 (Nov. 2024),","Abhisek Dash, Abhijnan Chakraborty, Saptarshi Ghosh, Animesh Mukherjee, and Krishna P. Gummadi",Urman et al.
[154],2024,Facebook,Discrimination,Discrimination (other),Repurposing,Ad delivery,English,US,US,https://doi.org/10.1145/3686917,"On the Use of Proxies in Political Ad Targeting. Proceedings of the ACM on Human-Computer Interaction 8, CSCW2 (Nov. 2024), 1–31.Digital Library","Piotr Sapiezynski, Levi Kaplan, Alan Mislove, and Aleksandra Korolova",Urman et al.
[55],2024,YouTube,Distortion,"Information quality, Harmful content, News distribution",Non-persona scrape,Search,English,US,US,https://doi.org/10.1145/3648188.3675128,YouTube and Conspiracy Theories: A Longitudinal Audit of Information Panels,Lillie Godinez and Eni Mustafaraj,Urman et al.
[158],2024,TikTok,Distortion,"Harmful content, Filter bubble, Personalization",Crowdsourcing,Recommendation,English,US,US,https://doi.org/10.1177/08944393231225547,How Algorithms Promote Self-Radicalization: Audit of TikTok’s Algorithm Using a Reverse Engineering Method,Donghee Shin and Kulsawasd Jitkajornwanich,Urman et al.
[161],2024,Google,Distortion,Information quality,Non-persona scrape,Search,"English, Spanish",US,US,https://doi.org/10.1177/14604582241307836,Language disparities in pandemic information: Autocomplete analysis of COVID-19 searches in New York,"Vivek K Singh, Pamela Valera, Ishaan Singh, Ritesh Sawant, and Yisel Breton",Urman et al.
[26],2024,YouTube,Distortion,Information quality,Non-persona scrape,"Search, Recommendation","English, Indonesian",US,US,https://doi.org/10.1007/s13278-024-01343-5,The bias beneath: analyzing drift in YouTube’s algorithmic recommendations,"Mert Can Cakmak, Nitin Agarwal, and Remi Oni",Urman et al.
[171],2024,"Google, ChatGPT",Distortion,Information quality,Non-persona scrape,"Search, Generative AI",English,US,US,https://doi.org/10.1016/j.jse.2023.11.014,"Do ChatGPT and Google differ in answers to commonly asked patient questions regarding total shoulder and total elbow arthroplasty? Journal of Shoulder and Elbow Surgery 33, 8 (Aug. 2024), e429–e437","Shebin Tharakan, Brandon Klein, Lucas Bartlett, Aaron Atlas, Stephen A. Parada, and Randy M. Cohn",Urman et al.
[5],2024,"Midjourney, DALL-E, Bing, Stable Diffusion",Distortion,Group misrepresentation,Crowdsourcing,Generative AI,English,Mixed,Finland,https://doi.org/10.1145/3649217.3653596,First Year CS Students Exploring And Identifying Biases and Social Injustices in Text-to-Image Generative AI,"Mikko Apiola, Henriikka Vartiainen, and Matti Tedre",Urman et al.
[131],2024,YouTube,Distortion,Harmful content,Non-persona scrape,Search,Amharic,"Ethiopia, US, UK, UAE, Saudi Arabia",US,https://doi.org/10.1145/3630106.3658546,“I Searched for a Religious Song in Amharic and Got Sexual Content Instead’’: Investigating Online Harm in Low-Resourced Languages on YouTube,Hellina Hailu Nigatu and Inioluwa Deborah Raji,Urman et al.
[108],2024,ChatGPT,Distortion,Harmful content,Non-persona scrape,Generative AI,English,Mixed,US,https://doi.org/10.1145/3630106.3658932,Auditing GPT’s Content Moderation Guardrails: Can ChatGPT Write Your Favorite TV Show?,"Yaaseen Mahomed, Charlie M. Crawford, Sanjana Gautam, Sorelle A. Friedler, and Danaë Metaxa",Urman et al.
[82],2024,TikTok,Distortion,Personalization,Persona scrape,Recommendation,Mixed,US,US,https://doi.org/10.1145/3589335.3651260,Comprehensively Auditing the TikTok Mobile App,Levi Kaplan and Piotr Sapiezynski,Urman et al.
[191],2024,TikTok,Distortion,Personalization,Persona scrape,Recommendation,Mixed,Mixed,"US, Germany, Netherlands",https://doi.org/10.1145/3589334.3645600,TikTok and the Art of Personalization: Investigating Exploration and Exploitation on Social Media Feeds,"Karan Vombatkere, Sepehr Mousavi, Savvas Zannettou, Franziska Roesner, and Krishna P. Gummadi",Urman et al.
[39],2024,Twitter,Distortion,Filter bubble,Persona scrape,Recommendation,English,US,US,https://doi.org/10.1145/3614419.3643996,Echo Chambers in the Age of Algorithms: An Audit of Twitter’s Friend Recommender System,"Kayla Duskin, Joseph S Schafer, Jevin D West, and Emma S Spiro",Urman et al.
[137],2024,Google,Misjudgement,Personalization,Persona scrape,Search,English,US,US,https://doi.org/10.1145/3630106.3658916,Algorithmic Misjudgement in Google Search Results: Evidence from Auditing the US Online Electoral Information Environment,"Brooke Perreault, Johanna Hoonsun Lee, Ropafadzo Shava, and Eni Mustafaraj",Urman et al.
[54],2024,"Google, Bing",Distortion,Group misrepresentation,Non-persona scrape,Search,English,US,US,https://doi.org/10.1145/3589334.3645666,Perceptions in Pixels: Analyzing Perceived Gender and Skin Tone in Real-world Image Search Results,"Jeffrey Gleason, Avijit Ghosh, Ronald E. Robertson, and Christo Wilson",Urman et al.
[74],2024,Meta,Discrimination,Discrimination,Repurposing,Ad delivery,English,US,US,https://doi.org/10.1145/3630106.3659041,Auditing for Racial Discrimination in the Delivery of Education Ads,"Basileal Imana, Aleksandra Korolova, and John Heidemann",Urman et al.
[88],2024,Google,Distortion,Harmful content,Non-persona scrape,Search,English,US,Netherlands,https://doi.org/10.1145/3614419.3644017,Fact checks versus problematic content in search rankings: SEO effects and the question of Google’s content moderation,Kamila Koronska and Richard Rogers,Urman et al.
[139],2024,YouTube,Distortion,Harmful content,Non-persona scrape,Search,English,US,US,https://doi.org/10.1001/jamanetworkopen.2024.13855,"Algorithmic Content Recommendations on a Video-Sharing Platform Used by Children. JAMA Network Open 7, 5 (May 2024), e2413855","Jenny Radesky, Enrica Bridgewater, Shira Black, August O’Neil, Yilin Sun, Alexandria Schaller, Heidi M. Weeks, and Scott W. Campbell",Urman et al.
[4],2024,ChatGPT,Distortion,Information quality,Non-persona scrape,Generative AI,English,Mixed,"UK, Cyprus",https://doi.org/10.1371/journal.pone.0300024,"Framework-based qualitative analysis of free responses of Large Language Models: Algorithmic fidelity. PLOS ONE 19, 3 (March 2024), e0300024","Aliya Amirova, Theodora Fteropoulli, Nafiso Ahmed, Martin R. Cowie, and Joel Z. Leibo",Urman et al.
[65],2024,YouTube,Distortion,"Personalization, Information quality, filter bubble",Persona scrape,Recommendation,Mixed,Mixed,"US, Switzerland",https://doi.org/10.1073/pnas.2313377121,"Causally estimating the effect of YouTube’s recommender system using counterfactual bots. Proceedings of the National Academy of Sciences 121, 8 (Feb. 2024), e2313377121","Homa Hosseinmardi, Amir Ghasemian, Miguel Rivera-Lanas, Manoel Horta Ribeiro, Robert West, and Duncan J. Watts",Urman et al.
[56],2024,Google,Distortion,"Personalization, filter bubble",Persona scrape,Search,English,US,US,https://doi.org/10.1007/s40558-023-00279-4,"Does algorithmic filtering lead to filter bubbles in online tourist information searches? Information Technology & Tourism 26, 1 (March 2024),","Yaqi Gong, Ashley Schroeder, Bing Pan, S. Shyam Sundar, and Andrew J. Mowen",Urman et al.
[157],2024,Douyin,Discrimination,Discrimination,Persona scrape,Recommendation,Chinese,China,China,https://doi.org/10.1177/00936502241262056,New Digital Divide Shaped by Algorithm? Evidence from Agent-Based Testing on Douyin’s Health-Related Video Recommendation,Wen Shi and Jinhui Li,Urman et al.
[85],2024,ChatGPT,Distortion,Information quality,Non-persona scrape,Generative AI,English,US,US,https://doi.org/10.1016/j.tele.2023.102085,"Exploring the limitations in how ChatGPT introduces environmental justice issues in the United States: A case study of 3,108 counties. Telematics and Informatics 86 (Feb. 2024), 102085","Junghwan Kim, Jinhyung Lee, Kee Moon Jang, and Ismini Lourentzou",Urman et al.
[150],2024,Character ai,Distortion,Group misrepresentation,Non-persona scrape,Generative AI,English,Mixed,Israel,https://doi.org/10.1177/00027642241261265,Analyzing AI Bias: The Discourse of Terror and Sport Ahead of Paris 2024 Olympics,"Tal Samuel-Azran, Ilan Manor, Evyatar Yitzhak, and Yair Galily",Urman et al.
[96],2024,Google,Discrimination,Discrimination,Repurposing,Ad delivery,English,US,"UK, US",https://doi.org/10.1007/s11129-024-09286-z,Apparent algorithmic discrimination and real-time algorithmic learning in digital search advertising,Anja Lambrecht and Catherine Tucker,Urman et al.
[50],2024,YouTube,Distortion,Information quality,Non-persona scrape,Search,"English, Italian","US, Italy","UK, Italy",https://doi.org/10.3389/fpubh.2024.1327704,"Use of immunology in news and YouTube videos in the context of COVID-19: politicisation and information bubbles. Frontiers in Public Health 12 (Feb. 2024), 1327704","Rachel Surrage George, Hannah Goodey, Maria Antonietta Russo, Rovena Tula, and Pietro Ghezzi",Urman et al.
[168],2024,Alibaba,Exploitation,Personalization,Platform-led experiment,Recommendation,Chinese,China,"US, China",https://doi.org/10.1287/mnsc.2023.4828,The Value of Personal Data in Internet Commerce: A High-Stakes Field Experiment on Data Regulation Policy,"Tianshu Sun, Zhe Yuan, Chunxiao Li, Kaifu Zhang, and Jun Xu",Urman et al.
[23],2024,Twitter,Distortion,Personalization,Persona scrape,Recommendation,English,Mixed,US,https://doi.org/10.1007/978-3-031-53503-1_11,Algorithmic Amplification of Politics and Engagement Maximization on Social Media,Paul Bouchaud,Urman et al.
[67],2024,YouTube,Distortion,"Information quality, News distribution",Non-persona scrape,Recommendation,"English, French, German, Italian",Mixed,"US, Hong Kong",https://doi.org/10.1080/10584609.2024.2343769,Auditing Entertainment Traps on YouTube: How Do Recommendation Algorithms Pull Users Away from News,Shengchun Huang and Tian Yang,Urman et al.
[153],2023,YouTube,Distortion,Harmful content,Non-persona scrape,Recommendation,Portuguese,Brazil,Brazil,https://doi.org/10.1002/poi3.380,"Recommending instead of taking down: YouTube hyperpartisan content promotion amid the Brazilian general elections. Policy & Internet 15, 4 (Dec. 2023), 512–527.Crossref","Rose Marie Santini, Débora Salles, and Bruno Mattos",Urman et al.
[167],2024,"DALL-E, Google",Distortion,Group misrepresentation,Non-persona scrape,"Generative AI, Search",English,US,US,https://doi.org/10.1093/jcmc/zmad045,"Smiling women pitching down: auditing representational and presentational gender biases in image-generative AI. Journal of Computer-Mediated Communication 29, 1 (Nov. 2023), zmad045.Crossref","Luhang Sun, Mian Wei, Yibing Sun, Yoo Ji Suh, Liwei Shen, and Sijia Yang",Urman et al.
[77],2023,Webcam platforms,Distortion,Information quality,Non-persona scrape,Recommendation,Mixed,Mixed,Netherlands,https://doi.org/10.1177/20563051231214807,"Winner-Take-All? Visibility, Availability, and Heterogeneity on Webcam Sex Platforms","Emilija Jokubauskaitė, Bernhard Rieder, and Sarah Burkhardt",Urman et al.
[114],2023,"DALL-E, Starry AI",Distortion,Group misrepresentation,Non-persona scrape,Generative AI,English,Mixed,South Africa,https://doi.org/10.1108/DTS-01-2023-0003,Epistemically violent biases in artificial intelligence design: the case of DALLE-E 2 and Starry AI,Blessing Mbalaka,Urman et al.
[102],2023,"Google, Bing, Baidu",Distortion,Group misrepresentation,Non-persona scrape,Search,"English, Chinese",Mixed,"China, Canada",https://doi.org/10.1016/j.tele.2023.102068,"Trapped in the search box: An examination of algorithmic bias in search engine autocomplete predictions. Telematics and Informatics 85 (Nov. 2023), 102068.Digital Library","Cong Lin, Yuxin Gao, Na Ta, Kaiyu Li, and Hongyao Fu",Urman et al.
[71],2023,YouTube,Distortion,"Personalization, Information quality, Harmful content",Persona scrape,Recommendation,English,US,UAE,https://doi.org/10.1093/pnasnexus/pgad264,"YouTube’s recommendation algorithm is left-leaning in the United States. PNAS Nexus 2, 8 (Aug. 2023), pgad264","Hazem Ibrahim, Nouar AlDahoul, Sangjin Lee, Talal Rahwan, and Yasir Zaki",Urman et al.
[76],2023,Twitter,Discrimination,"Discrimination, User categorization",Non-persona scrape,Recommendation,English,US,"US, Singapore",https://doi.org/10.1093/joc/jqac050,"Silenced on social media: the gatekeeping functions of shadowbans in the American Twitterverse. Journal of Communication 73, 2 (April 2023),","Kokil Jaidka, Subhayan Mukerjee, and Yphtach Lelkes",Urman et al.
[166],2023,Google,Distortion,Information quality,Non-persona scrape,Search,"English, Italian","US, Italy",Netherlands,,The Relationship Between Knowledge Production and Google in Framing and Reframing AI Imaginary. A Comparative Algorithmic Audit between the US and Italy,Natalia Stanusch,Urman et al.
[93],2023,Facebook,Distortion,"Information quality, Personalization, News distribution",Persona scrape,"Search, Recommendation",English,US,"Germany, Switzerland",,Blame It on the Algorithm? Russian Government-Sponsored Media and Algorithmic Curation of Political Information on Facebook,Elizaveta Kuznetsova and Mykola Makhortykh,Urman et al.
[49],2023,ChatGPT,Distortion,Information quality,Non-persona scrape,Generative AI,English,Mixed,Japan,https://doi.org/10.3389/frai.2023.1232003,"Revisiting the political biases of ChatGPT. Frontiers in Artificial Intelligence 6 (Oct. 2023), 1232003",Sasuke Fujimoto and Kazuhiro Takemoto,Urman et al.
[179],2023,"DALL-E, Stable Diffusion",Distortion,Group misrepresentation,Non-persona scrape,Generative AI,English,Mixed,"UK, Germany",https://doi.org/10.18653/v1/2023.findings-acl.502,Stereotypes and Smut: The (Mis)representation of Non-cisgender Identities by Text-to-Image Models,"Eddie Ungless, Bjorn Ross, and Anne Lauscher",Urman et al.
[110],2023,"Bing, DuckDuckGo, Google, Yandex, Yahoo",Distortion,Information quality,Non-persona scrape,Search,"English, Russian, Chinese",Mixed,"Switzerland, Germany",https://doi.org/10.1007/978-3-031-27665-1_9,This Is What Pandemic Looks Like: Visual Framing of COVID-19 on Search Engines,"Mykola Makhortykh, Aleksandra Urman, and Roberto Ulloa",Urman et al.
[130],2023,YouTube,Distortion,Information quality,"Crowdsourcing, Non-persona scrape",Recommendation,English,Mixed,"US, Spain",https://doi.org/10.2196/49061,"Exploring YouTube’s Recommendation System in the Context of COVID-19 Vaccines: Computational and Comparative Analysis of Video Trajectories. Journal of Medical Internet Research 25 (Sept. 2023), e49061","Yee Man Margaret Ng, Katherine Hoffmann Pham, and Miguel Luengo-Oroz",Urman et al.
[174],2023,Google,Distortion,"Harmful content, News distribution",Non-persona scrape,Search,"English, Russian","Russia, US, Germany, Ukraine, and Belarus",Germany,,Googling in Russian Abroad: How Kremlin-Affiliated Websites Contribute to the Visibility of COVID-19 Conspiracy Theories in Search Results,"Florian Toepfl, Anna Ryzhova, Daria Kravets, and Arista Beseler",Urman et al.
[72],2023,Google,Discrimination,Group misrepresentation,Non-persona scrape,Search,"French, German, Italian, English","France, Germany, Italy, UK",Italy,https://doi.org/10.1080/1369118X.2023.2205928,"‘I’m not bad, I’m just … drawn that way’: media and algorithmic systems logics in the Italian Google Images construction of (cr)immigrants’ communities. Information, Communication & Society (April 2023), 1–20.Crossref","Francesca Ieracitano, Francesco Vigneri, and Francesca Comunello",Urman et al.
[135],2023,Google,Discrimination,Group misrepresentation,Non-persona scrape,Search,Mixed,Mixed,US,https://doi.org/10.1177/08944393211073169,Beyond Algorithmic Bias: A Socio-Computational Interrogation of the Google Search by Image Algorithm,Orestis Papakyriakopoulos and Arwa M. Mboya,Urman et al.
[134],2023,"ChatGPT, other LLM",Discrimination,Group misrepresentation,Non-persona scrape,Generative AI,English,Mixed,US,https://doi.org/10.1145/3593013.3594078,“I’m fully who I am”: Towards Centering Transgender and Non-Binary Voices to Measure Biases in Open Language Generation,"Anaelia Ovalle, Palash Goyal, Jwala Dhamala, Zachary Jaggers, Kai-Wei Chang, Aram Galstyan, Richard Zemel, and Rahul Gupta",Urman et al.
[89],2023,"Google, Yandex",Distortion,Harmful content,Non-persona scrape,Search,Russian,Belarus,Germany,https://doi.org/10.1177/14648849231157845,"Different platforms, different plots? The Kremlin-controlled search engine Yandex as a resource for Russia’s informational influence in Belarus during the COVID-19 pandemic. Journalism 24, 12 (Dec. 2023), 2762–2780.Crossref","Daria Kravets, Anna Ryzhova, Florian Toepfl, and Arista Beseler",Urman et al.
[148],2023,Google,Distortion,Information quality,Non-persona scrape,Search,"French, Spanish, Portuguese","France, Spain, Portugal","France, Spain, Portugal",https://doi.org/10.1002/asi.24828,"Shaping information and knowledge on climate change technologies: A cross‐country qualitative analysis of carbon capture and storage results on Google search. Journal of the Association for Information Science and Technology (Sept. 2023), asi.24828","Jussara Rowland, Sergi López‐Asensio, Ataberk Bagci, Ana Delicado, and Ana Prades",Urman et al.
[104],2023,YouTube,Distortion,Harmful content,Non-persona scrape,Recommendation,German,Germany,Germany,https://doi.org/10.5117/CCR2023.1.005.ZIER,Algorithmic Recommendations’ Role for the Interrelatedness of Counter-Messages and Polluted Content on YouTube – A Network Analysis,Lisa Zieringer and Diana Rieger,Urman et al.
[100],2023,"Google, DuckDuckGo, Yahoo",Discrimination,Group misrepresentation,Non-persona scrape,Search,English,Mixed,Netherlands,https://doi.org/10.1145/3593013.3594062,Which Stereotypes Are Moderated and Under-Moderated in Search Engine Autocompletion?,Alina Leidinger and Richard Rogers,Urman et al.
[133],2023,YouTube,Distortion,Filter bubble,Non-persona scrape,Recommendation,"Indonesian, English",Indonesia,US,,Multilingual Analysis of YouTube’s Recommendation System: Examining Topic and Emotion Drift in the ‘Cheng Ho’ Narrative,,Urman et al.
[98],2023,YouTube,Distortion,Harmful content,Persona scrape,Recommendation,English,Mixed,France,https://doi.org/10.1007/s13278-023-01105-9,Modeling rabbit-holes on YouTube,"Erwan Le Merrer, Gilles Tredan, and Ali Yesilkanat",Urman et al.
[112],2023,Reddit,Distortion,News distribution,Non-persona scrape,Recommendation,English,Mixed,US,https://doi.org/10.1038/s41598-023-38277-5,"Influencing recommendation algorithms to reduce the spread of unreliable news by encouraging humans to fact-check articles, in a field experiment",J. Nathan Matias,Urman et al.
[196],2023,Twitter,Distortion,Filter bubble,Persona scrape,Search,English,Mixed,"Australia, Brazil",https://doi.org/10.1016/j.tele.2023.101999,"Bubbles bursting: Investigating and measuring the personalisation of social media searches. Telematics and Informatics 82 (Aug. 2023), 101999","Can Yang, Xinyuan Xu, Bernardo Pereira Nunes, and Sean Wolfgand Matsui Siqueira",Urman et al.
[83],2023,Online market,Discrimination,Price discrimination,Persona scrape,E-commerce,English,US,US,https://doi.org/10.1145/3593013.3594038,Your Browsing History May Cost You: A Framework for Discovering Differential Pricing in Non-Transparent Markets,"Aditya Karan, Naina Balepur, and Hari Sundaram",Urman et al.
[155],2023,YouTube,Distortion,Harmful content,Persona scrape,Recommendation,English,Mixed,Netherlands,https://doi.org/10.1080/21670811.2023.2209153,Accounting for Personalization in Personalization Algorithms: YouTube’s Treatment of Conspiracy Content,"Roan Schellingerhout, Davide Beraldo, and Maarten Marx",Urman et al.
[13],2023,Facebook,Distortion,News distribution,Crowdsourcing,Recommendation,English,US,US,https://doi.org/10.1177/20563051231196898,Facebook’s News Feed Algorithm and the 2020 US Election,Jack Bandy and Nicholas Diakopoulos,Urman et al.
[78],2023,YouTube,Distortion,Harmful content,Crowdsourcing,"Search, Recommendation",English,US,US,https://doi.org/10.1145/3544548.3580846,Assessing enactment of content regulation policies: A post hoc crowd-sourced audit of election misinformation on YouTube,"Prerna Juneja, Md Momen Bhuiyan, and Tanushree Mitra",Urman et al.
[136],2023,DuckDuckGo,Distortion,Harmful content,Non-persona scrape,Search,English,US,US,https://doi.org/10.1177/27550834231191895,Assessing Trustworthiness of Internet Pharmacies with an Internet Browser Extension,"Vraj Patel, Mason Lovett, Ryan Rybarczyk, and John Hertig",Urman et al.
[58],2023,TikTok,Distortion,News distribution,Persona scrape,Recommendation,English,US,US,https://doi.org/10.1177/14614448231192964,Algorithmic indifference: The dearth of news recommendations on TikTok,Nick Hagar and Nicholas Diakopoulos,Urman et al.
[17],2023,Online market,Discrimination,Price discrimination,Non-persona scrape,E-commerce,English,US,US,https://doi.org/10.1145/3543507.3583270,A Method to Assess and Explain Disparate Impact in Online Retailing,Rafael Becerril-Arreola,Urman et al.
[128],2023,"Google, Facebook, YouTube, Twitter",Distortion,News distribution,Crowdsourcing,Search,English,US,US,https://doi.org/10.1080/15205436.2023.2173609,"More of the Same? Homogenization in News Recommendations When Users Search on Google, YouTube, Facebook, and Twitter","Efrat Nechushtai, Rodrigo Zamith, and Seth C. Lewis",Urman et al.
[178],2023,"Baidu, Bing, DuckDuckGo, Google, Yahoo",Distortion,News distribution,Non-persona scrape,Search,English,"US, Germany","Germany, Switzerland, Finland",https://doi.org/10.1177/08944393231195471,Novelty in News Search: A Longitudinal Study of the 2020 US Elections,"Roberto Ulloa, Mykola Makhortykh, Aleksandra Urman, and Juhi Kulshrestha",Urman et al.
[173],2023,Google,Distortion,Harmful content,Non-persona scrape,Search,"English, German, Estonian, Belarusian, Russian, Ukrainian","US, Germany, Belarus, Russia, Estonia, Ukraine",Germany,https://doi.org/10.1080/1369118X.2022.2065213,"Who are the plotters behind the pandemic? Comparing Covid-19 conspiracy theories in Google search results across five key target countries of Russia’s foreign communication. Information, Communication & Society 26, 10 (July 2023),","Florian Toepfl, Daria Kravets, Anna Ryzhova, and Arista Beseler",Urman et al.
[33],2023,Google,Distortion,Harmful content,Non-persona scrape,Recommendation,"English, Arabic, Russian, Hebrew","US, UK, Nigeria, Philippines, Russia, Belarus, Kazakhstan, Egypt, Iraq, Israel","Israel, Switzerland",https://doi.org/10.1108/INTR-07-2022-0560,“Is COVID-19 a hoax?”: auditing the quality of COVID-19 conspiracy-related information and misinformation in Google search results in four languages,"Shakked Dabran-Zivan, Ayelet Baram-Tsabari, Roni Shapira, Miri Yitshaki, Daria Dvorzhitskaia, and Nir Grinberg",Urman et al.
[183],2022,"Google, Bing, Yahoo, Baidu, Yandex, DuckDuckGo",Discrimination,Group misrepresentation,Non-persona scrape,Search,"English, German",Germany,"Switzerland, Germany",https://doi.org/10.1057/s41599-022-01144-1,"Auditing the representation of migrants in image web search results. Humanities and Social Sciences Communications 9, 1 (April 2022), 130.Crossref","Aleksandra Urman, Mykola Makhortykh, and Roberto Ulloa",Urman et al.
[38],2022,YouTube,Discrimination,Discrimination,Non-persona scrape,Monetization,English,Mixed,"US, Spain",https://doi.org/10.1145/3555209,"Paying Attention to the Algorithm Behind the Curtain: Bringing Transparency to YouTube’s Demonetization Algorithms. Proceedings of the ACM on Human-Computer Interaction 6, CSCW2 (Nov. 2022),","Arun Dunna, Katherine A. Keith, Ethan Zuckerman, Narseo Vallina-Rodriguez, Brendan O’Connor, and Rishab Nithyanand",Urman et al.
[24],2022,Foundations app,Discrimination,Discrimination,Crowdsourcing,Recommendation,English,Mixed,Spain,https://doi.org/10.3389/fdgth.2022.943514,"Foundations for fairness in digital health apps. Frontiers in Digital Health 4 (Aug. 2022), 943514.Crossref","Teodora Sandra Buda, João Guerreiro, Jesus Omana Iglesias, Carlos Castillo, Oliver Smith, and Aleksandar Matic",Urman et al.
[165],2022,News website,Distortion,News distribution,Crowdsourcing,Recommendation,Greek,Cyprus,Cyprus,https://doi.org/10.3390/fi14100284,Modeling and Validating a News Recommender Algorithm in a Mainstream Medium-Sized News Organization: An Experimental Approach,"Paschalia (Lia) Spyridou, Constantinos Djouvas, and Dimitra Milioni",Urman et al.
[109],2022,"Bing, DuckDuckGo, Google, Yandex",Distortion,Information quality,Non-persona scrape,Search,"English, Russian, Ukrainian, German",Germany,"Switzerland, Germany",https://doi.org/10.1177/17506980221133732,"Memory, counter-memory and denialism: How search engines circulate information about the Holodomor-related memory wars","Mykola Makhortykh, Aleksandra Urman, and Roberto Ulloa",Urman et al.
[57],2022,"Google, Bing",Distortion,Information quality,Non-persona scrape,Search,German,Germany,Germany,https://doi.org/10.1145/3501247.3531567,Auditing Search Query Suggestion Bias Through Recursive Algorithm Interrogation,Fabian Haak and Philipp Schaer,Urman et al.
[97],2022,Google,Distortion,Personalization,Crowdsourcing,Search,English,"Germany, Brazil, US, India, Spain",Australia,https://doi.org/10.1007/978-3-031-09316-6_5,A Crowdsourcing Methodology to Measure Algorithmic Bias in Black-Box Systems: A Case Study with COVID-Related Searches,"Binh Le, Damiano Spina, Falk Scholer, and Hui Chia",Urman et al.
[46],2022,Google,Discrimination,Group misrepresentation,Non-persona scrape,Translation,"English, Hungarian",Mixed,Hungary,https://doi.org/10.1016/j.ssaho.2021.100239,"How to measure gender bias in machine translation: Real-world oriented machine translators, multiple reference points",Anna Farkas and Renáta Németh,Urman et al.
[2],2022,YouTube,Distortion,Harmful content,Persona scrape,Recommendation,Arabic,Mixed,"Saudi Arabia, US",https://doi.org/10.1145/3555618,"Deradicalizing YouTube: Characterization, Detection, and Personalization of Religiously Intolerant Arabic Videos. Proceedings of the ACM on Human-Computer Interaction 6, CSCW2 (Nov. 2022),","Nuha Albadi, Maram Kurdi, and Shivakant Mishra",Urman et al.
[75],2022,"Gmail, Outlook, Yahoo",Discrimination,Discrimination,Persona scrape,Spam,English,US,US,https://doi.org/10.1145/3485447.3512121,Left or Right: A Peek into the Political Biases in Email Spam Filtering Algorithms During US Election 2020,"Hassan Iqbal, Usman Mahmood Khan, Hassan Ali Khan, and Muhammad Shahzad",Urman et al.
[90],2022,"Google, Yandex",Distortion,"Information quality, News distribution",Non-persona scrape,Search,Russian,Mixed,Germany,https://doi.org/10.1080/1369118X.2021.1933563,"Gauging reference and source bias over time: how Russia’s partially state-controlled search engine Yandex mediated an anti-regime protest event. Information, Communication & Society 25, 15 (Nov. 2022),",Daria Kravets and F. Toepfl,Urman et al.
[111],2022,"Google, Yandex",Distortion,Information quality,Non-persona scrape,Search,Russian,Russia,"Switzerland, Netherlands",https://doi.org/10.37016/mr-2020-94,"A story of (non)compliance, bias, and conspiracies: How Google and Yandex represented Smart Voting during the 2021 parliamentary elections in Russia","Mykola Makhortykh, Aleksandra Urman, and Mariëlle Wijermars",Urman et al.
[43],2022,Google,Distortion,Personalization,Crowdsourcing,Search,English,UK,UK,https://doi.org/10.1080/21670811.2022.2055596,Google News and Machine Gatekeepers: Algorithmic Personalisation and News Diversity in Online News Search,"Ryan Evans, Daniel Jackson, and Jaron Murphy",Urman et al.
[184],2022,"Google, Baidu, Bing, DuckDuckGo, Yahoo, Yandex",Distortion,Information quality,Non-persona scrape,Search,English,US,"Switzerland, Germany",https://doi.org/10.1177/08944393211006863,The Matter of Chance: Auditing Web Search Results Related to the 2020 U.S,"Aleksandra Urman, Mykola Makhortykh, and Roberto Ulloa",Urman et al.
[113],2022,"Facebook, Google",Discrimination,Personalization,Repurposing,Ad delivery,English,US,US,https://doi.org/10.1145/3512965,"Software-Supported Audits of Decision-Making Systems: Testing Google and Facebook’s Political Advertising Policies. Proceedings of the ACM on Human-Computer Interaction 6, CSCW1 (March 2022),","J. Nathan Matias, Austin Hounsel, and Nick Feamster",Urman et al.
[99],2022,YouTube,Distortion,Filter bubble,Persona scrape,Recommendation,English,US,US,https://doi.org/10.5210/fm.v27i12.12552,Radical bubbles on YouTube? Revisiting algorithmic extremism with personalised recommendations,"Mark Ledwich, Anna Zaitsev, and Anton Laukemper",Urman et al.
[181],2022,Google,Discrimination,Group misrepresentation,Non-persona scrape,Search,English,"US, Ireland",Switzerland,https://doi.org/10.1177/14614448221099536,“Foreign beauties want to meet you”: The sexualization of women in Google’s organic and sponsored text search results,Aleksandra Urman and Mykola Makhortykh,Urman et al.
[21],2022,TikTok,Distortion,Personalization,Persona scrape,Recommendation,"English, German, French","US, Canada, Germany","Switzerland, Germany",https://doi.org/10.1145/3485447.3512102,An Empirical Investigation of Personalization Factors on TikTok,Maximilian Boeker and Aleksandra Urman,Urman et al.
[185],2022,"Google, DuckDuckGo, Bing, Yahoo, Yandex",Distortion,Harmful content,Non-persona scrape,Search,English,"US, UK","Switzerland, Germany",https://doi.org/10.1016/j.tele.2022.101860,"Where the earth is flat and 9/11 is an inside job: A comparative algorithm audit of conspiratorial information in web search results. Telematics and Informatics 72 (Aug. 2022), 101860","Aleksandra Urman, Mykola Makhortykh, Roberto Ulloa, and Juhi Kulshrestha",Urman et al.
[70],2022,Twitter,Distortion,"News distribution, Information quality",Platform-led experiment,Recommendation,"English, Japanese, French, Spanish, German","US, UK, Japan, France, Spain, Canada, Germany","US, UK",https://doi.org/10.1073/pnas.2025334119,"Algorithmic amplification of politics on Twitter. Proceedings of the National Academy of Sciences 119, 1 (Jan. 2022), e2025334119.Crossref","Ferenc Huszár, Sofia Ira Ktena, Conor O’Brien, Luca Belli, Andrew Schlaikjer, and Moritz Hardt",Urman et al.
[44],2021,Comparison website,Discrimination,Price discrimination,Persona scrape,E-commerce,Italian,Italy,"Italy, US",https://doi.org/10.1145/3461702.3462569,Algorithmic Audit of Italian Car Insurance: Evidence of Unfairness in Access and Pricing,"Alessandro Fabris, Alan Mishler, Stefano Gottardi, Mattia Carletti, Matteo Daicampi, Gian Antonio Susto, and Gianmaria Silvello",Urman et al.
[180],2021,Google,Distortion,Information quality,Persona scrape,Search,German,Germany,Germany,https://doi.org/10.1177/0894439319881634,"Googling Politics: Parties, Sources, and Issue Ownerships on Google in the 2017 German Federal Election Campaign",Julian Unkel and Mario Haim,Urman et al.
[64],2021,YouTube,Distortion,Information quality,Non-persona scrape,Recommendation,German,Germany,Germany,https://doi.org/10.1145/3473856.3473864,Auditing the Biases Enacted by YouTube for Political Topics in Germany,"Hendrik Heuer, Hendrik Hoch, Andreas Breiter, and Yannis Theocharis",Urman et al.
[182],2021,"Google, Bing, Yahoo, Yandex, DuckDuckGo",Distortion,Information quality,Non-persona scrape,Search,"English, Russian",Germany,"Switzerland, Germany",https://doi.org/10.1145/3442442.3452306,Auditing Source Diversity Bias in Video Search Results Using Virtual Agents,"Aleksandra Urman, Mykola Makhortykh, and Roberto Ulloa",Urman et al.
[15],2021,Twitter,Distortion,Information quality,Persona scrape,Recommendation,English,Mixed,"US, Chile",https://doi.org/10.1145/3447535.3462491,Auditing Algorithmic Bias on Twitter,"Nathan Bartley, Andres Abeliuk, Emilio Ferrara, and Kristina Lerman",Urman et al.
[187],2021,Job websites,Discrimination,Discrimination,Non-persona scrape,Search,Dutch,Netherlands,Netherlands,https://doi.org/10.5210/fm.v26i8.11717,Gendered language and employment Web sites: How search algorithms can cause allocative harm,"Karin Van Es, Daniel Everts, and Iris Muis",Urman et al.
[73],2021,"Facebook, Linkedin",Discrimination,Discrimination,Repurposing,Ad delivery,English,US,US,https://doi.org/10.1145/3442381.3450077,Auditing for Discrimination in Algorithms Delivering Job Ads,"Basileal Imana, Aleksandra Korolova, and John Heidemann",Urman et al.
[175],2021,YouTube,Distortion,"Filter bubble, Harmful content",Persona scrape,Recommendation,English,Mixed,Slovakia,https://doi.org/10.1145/3460231.3474241,An Audit of Misinformation Filter Bubbles on YouTube: Bubble Bursting and Recent Behavior Changes,"Matus Tomlein, Branislav Pecher, Jakub Simko, Ivan Srba, Robert Moro, Elena Stefancova, Michal Kompan, Andrea Hrckova, Juraj Podrouzek, and Maria Bielikova",Urman et al.
[124],2021,YouTube,Distortion,Harmful content,Non-persona scrape,Recommendation,Mixed,Mixed,US,https://doi.org/10.1177/0002764221989774,Evaluating Platform Accountability: Terrorist Content on YouTube,Dhiraj Murthy,Urman et al.
[35],2021,Amazon,Distortion,Information quality,Non-persona scrape,Recommendation,English,Mixed,"India, Germany",https://doi.org/10.1145/3442188.3445944,When the Umpire is also a Player: Bias in Private Label Product Recommendations on E-commerce Marketplaces,"Abhisek Dash, Abhijnan Chakraborty, Saptarshi Ghosh, Animesh Mukherjee, and Krishna P. Gummadi",Urman et al.
[87],2021,Instagram,Distortion,Filter bubble,Persona scrape,Recommendation,English,Mixed,Netherlands,,"De-coding Instagram as a Spectacle. Mediální studia 15, 02 (2021),",Lydia Kollyri,Urman et al.
[152],2021,YouTube,Distortion,Filter bubble,Crowdsourcing,Recommendation,"English, Spanish, Chinese, Portuguese, Arabic",Mixed,Italy,https://doi.org/10.1007/978-3-030-76228-5_8,YTTREX: Crowdsourced Analysis of YouTube’s Recommender System During COVID-19 Pandemic,"Leonardo Sanna, Salvatore Romano, Giulia Corona, and Claudio Agosti",Urman et al.
[116],2021,Google,Discrimination,Group misrepresentation,Non-persona scrape,Search,English,US,US,https://doi.org/10.1145/3449100,"An Image of Society: Gender and Racial Representation and Impact in Image Search Results for Occupations. Proceedings of the ACM on Human-Computer Interaction 5, CSCW1 (April 2021), 1–23.Digital Library","Danaë Metaxa, Michelle A. Gan, Su Goh, Jeff Hancock, and James A. Landay",Urman et al.
[53],2021,Siri,Distortion,Information quality,Crowdsourcing,Search,English,US,Sweden,https://doi.org/10.33621/jdsr.v4i1.115,"Exploring Siri’s Content Diversity Using a Crowdsourced Audit. Journal of Digital Social Research 4, 1 (April 2022), 128–151. Number: 1",Tim Glaesener,Urman et al.
[79],2021,Amazon,Distortion,Harmful content,"Persona scrape, non-persona scrape","Search, Recommendation",English,US,US,https://doi.org/10.1145/3411764.3445250,Auditing E-Commerce Platforms for Algorithmically Curated Vaccine Misinformation,Prerna Juneja and Tanushree Mitra,Urman et al.
[12],2021,Twitter,Distortion,"Information quality, News distribution",Persona scrape,Recommendation,English,US,US,https://doi.org/10.1145/3449152,"More Accounts, Fewer Links: How Algorithmic Curation Impacts Media Exposure in Twitter Timelines. Proceedings of the ACM on Human-Computer Interaction 5, CSCW1 (April 2021),",Jack Bandy and Nicholas Diakopoulos,Urman et al.
[52],2021,"Google, Bing",Distortion,Information quality,Non-persona scrape,Search,English,US,"Turkey, UK",https://doi.org/10.1007/s10791-020-09386-w,Evaluation metrics for measuring bias in search engine results,"Gizem Gezici, Aldo Lipani, Yucel Saygin, and Emine Yilmaz",Urman et al.
[34],2021,Alexa,Distortion,"Information quality, News distribution",Non-persona scrape,Search,English,US,US,https://doi.org/10.1145/3449157,"Auditing the Information Quality of News-Related Queries on the Alexa Voice Assistant. Proceedings of the ACM on Human-Computer Interaction 5, CSCW1 (April 2021),",Henry Kudzanai Dambanemuya and Nicholas Diakopoulos,Urman et al.
[106],2021,YouTube,Distortion,Information quality,Non-persona scrape,"Search, Recommendation",English,US,US,https://doi.org/10.1109/SSCI50451.2021.9660012,Examining Political Bias within YouTube Search and Recommendation Algorithms,"Michael Lutz, Sanjana Gadaginmath, Natraj Vairavan, and Phil Mui",Urman et al.
[11],2021,Twitter,Distortion,"News distribution, Harmful content",Persona scrape,Recommendation,English,US,US,https://doi.org/10.1177/20563051211041648,Curating Quality? How Twitter’s Timeline Algorithm Treats Different Types of News,Jack Bandy and Nicholas Diakopoulos,Urman et al.
[172],2021,Facebook,Distortion,Personalization,Crowdsourcing,Ad delivery,English,US,"US, Netherlands",https://doi.org/10.1080/1369118X.2019.1642934,"Algorithmic inference, political interest, and exposure to news and politics on Facebook. Information, Communication & Society 24, 2 (Jan. 2021),","Kjerstin Thorson, Kelley Cotter, Mel Medeiros, and Chankyung Pak",Urman et al.
[3],2021,Facebook,Distortion,Personalization,Repurposing,Ad delivery,English,US,US,https://doi.org/10.1145/3437963.3441801,Ad Delivery Algorithms: The Hidden Arbiters of Political Messaging,"Muhammad Ali, Piotr Sapiezynski, Aleksandra Korolova, Alan Mislove, and Aaron Rieke",Urman et al.
[48],2021,Twitter,Misjudgement,Group misrepresentation,Crowdsourcing,User categorization,English,Mixed,"Netherlands, Australia, Norway",https://doi.org/10.1016/j.ipm.2021.102541,A little bird told me your gender: Gender inferences in social media,"E. Fosch-Villaronga, A. Poulsen, R.A. Søraa, and B.H.M. Custers",Urman et al.
[14],2021,Google,Misjudgement,Personalization,Repurposing,Ad delivery,English,US,US,https://doi.org/10.1145/3449166,"Errors in Geotargeted Display Advertising: Good News for Local Journalism? Proceedings of the ACM on Human-Computer Interaction 5, CSCW1 (April 2021),",Jack Bandy and Brent Hecht,Urman et al.
[22],2020,"Google, Bing, DuckDuckGo",Distortion,Information quality,Non-persona scrape,Search,German,Germany,Germany,https://doi.org/10.1108/OIR-11-2018-0341,An investigation of biases in web search engine query suggestions,"Malte Bonart, Anastasiia Samokhina, Gernot Heisenberg, and Philipp Schaer",Urman et al.
[141],2020,Google,Distortion,Harmful content,Crowdsourcing,Ad delivery,English,Mixed,Germany,https://doi.org/10.1109/SSCI47803.2020.9308420,Data Donations for Mapping Risk in Google Search of Health Queries: A case study of unproven stem cell treatments in SEM,"Martin Reber, Tobias D. Krafft, Roman Krafft, Katharina A. Zweig, and Anna Couturier",Urman et al.
[1],2020,YouTube,Distortion,Harmful content,Non-persona scrape,Recommendation,English,Mixed,Canada,https://doi.org/10.1016/j.ijmedinf.2020.104175,Examining algorithmic biases in YouTube’s recommendations of vaccine videos,"Deena Abul-Fottouh, Melodie Yunju Song, and Anatoliy Gruzd",Urman et al.
[45],2020,YouTube,Distortion,Harmful content,Non-persona scrape,Recommendation,English,Mixed,US,,A Longitudinal Analysis of YouTube’s Promotion of Conspiracy Videos. ArXiv (March 2020),"Marc Faddoul, Guillaume Chaslot, and H. Farid",Urman et al.
[159],2020,Amazon,Distortion,Harmful content,Non-persona scrape,Search,English,US,US,https://doi.org/10.1080/10810730.2020.1776423,"Algorithms and Health Misinformation: A Case Study of Vaccine Books on Amazon. Journal of Health Communication 25, 5 (May 2020),",Jieun Shin and Thomas Valente,Urman et al.
[69],2020,YouTube,Distortion,"Harmful content, Personalization",Persona scrape,Recommendation,English,US,US,https://doi.org/10.1145/3392854,"Measuring Misinformation in Video Search Platforms: An Audit Study on YouTube. Proceedings of the ACM on Human-Computer Interaction 4, CSCW1 (May 2020),","Eslam Hussein, Prerna Juneja, and Tanushree Mitra",Urman et al.
[125],2020,Google,Distortion,Information quality,"Non-persona scrape, Persona scrape",Search,English,US,US,https://doi.org/10.1145/3351095.3372835,The case for voter-centered audits of search engines during political elections,"Eni Mustafaraj, Emma Lurie, and Claire Devine",Urman et al.
[142],2020,YouTube,Distortion,Harmful content,Non-persona scrape,Recommendation,English,US,"Switzerland, Brazil",https://doi.org/10.1145/3351095.3372879,Auditing radicalization pathways on YouTube,"Manoel Horta Ribeiro, Raphael Ottoni, Robert West, Virgílio A. F. Almeida, and Wagner Meira",Urman et al.
[8],2020,Google,Discrimination,Discrimination,Persona scrape,Ad delivery,English,US,US,https://doi.org/10.1609/icwsm.v14i1.7276,"Auditing Race and Gender Discrimination in Online Housing Markets. Proceedings of the International AAAI Conference on Web and Social Media 14 (May 2020), 24–35.Crossref","Joshua Asplund, Motahhare Eslami, Hari Sundaram, Christian Sandvig, and Karrie Karahalios",Urman et al.
[10],2020,Apple News,Distortion,"News distribution, Information quality","Persona scrape, Crowdsourcing",Recommendation,English,US,US,https://doi.org/10.1609/icwsm.v14i1.7277,"Auditing News Curation Systems: A Case Study Examining Algorithmic and Editorial Logic in Apple News. Proceedings of the International AAAI Conference on Web and Social Media 14 (May 2020),",Jack Bandy and Nicholas Diakopoulos,Urman et al.
[47],2020,Google,Distortion,"News distribution, Personalization, Information quality",Persona scrape,Search,English,US,US,https://doi.org/10.1038/s41562-020-00954-0,Auditing local news presence on Google News,"Sean Fischer, Kokil Jaidka, and Yphtach Lelkes",Urman et al.
[81],2020,YouTube,Distortion,"Harmful content, Filter bubble",Persona scrape,Recommendation,"English, German","US, Germany","US, Germany, Taiwan",https://doi.org/10.1177/2056305120969914,Birds of a Feather Get Recommended Together: Algorithmic Homophily in YouTube’s Channel Recommendations in the United States and Germany,Jonas Kaiser and Adrian Rauchfleisch,Urman et al.
[160],2020,Facebook,Misjudgement,Information quality,Crowdsourcing,Ad delivery,Portuguese,Brazil,"Brazil, France",https://doi.org/10.1145/3366423.3380109,Facebook Ads Monitor: An Independent Auditing System for Political Ads on Facebook,"Márcio Silva, Lucas Santos De Oliveira, Athanasios Andreou, Pedro Olmo Vaz De Melo, Oana Goga, and Fabricio Benevenuto",Urman et al.
[162],2019,Google,Distortion,Filter bubble,Persona scrape,Search,"Dutch, French",Belgium,Belgium,,Does the Bubble Go Beyond?,"Annelien Smets, Eladio Montero, and Pieter Ballon",Urman et al.
[121],2019,YouTube,Distortion,Information quality,Non-persona scrape,Search,"Danish, Norwegian, Swedish","Denmark, Norway, Sweden",Norway,https://doi.org/10.1177/2056305118817038,Comparing Platform “Ranking Cultures” Across Languages: The Case of Islam on YouTube in Scandinavia,Hallvard Moe,Urman et al.
[138],2019,Google,Distortion,"News distribution, Personalization, Information quality",Crowdsourcing,Search,German,Germany,Germany,https://doi.org/10.1080/21670811.2018.1539626,Beyond the Bubble: Assessing the Diversity of Political Search Results,Cornelius Puschmann,Urman et al.
[94],2019,Google,Distortion,Personalization,Crowdsourcing,Search,English,New Zealand,New Zealand,https://doi.org/10.1007/978-3-030-34971-4_17,You Can’t See What You Can’t See: Experimental Evidence for How Much Relevant Information May Be Missed Due to Google’s Web Search Personalisation,Cameron Lai and Markus Luczak-Roesch,Urman et al.
[66],2019,Google,Distortion,Information quality,Non-persona scrape,Search,English,US,US,https://doi.org/10.1145/3308558.3313654,Auditing the Partisanship of Google Search Snippets,"Desheng Hu, Shan Jiang, Ronald E. Robertson, and Christo Wilson",Urman et al.
[105],2019,Google,Distortion,"Information quality, News distribution",Non-persona scrape,Search,English,US,US,,Opening Up the Black Box: Auditing Google’s Top Stories Algorithm,,Urman et al.
[127],2019,Google,Distortion,"Information quality, News distribution",Crowdsourcing,Search,English,US,US,https://doi.org/10.1016/j.chb.2018.07.043,"What kind of news gatekeepers do we want machines to be? Filter bubbles, fragmentation, and the normative dimensions of algorithmic recommendations. Computers in Human Behavior 90 (Jan. 2019),",Efrat Nechushtai and Seth C. Lewis,Urman et al.
[92],2019,"Twitter, Google",Distortion,Information quality,Non-persona scrape,Search,English,US,"US, Germany",https://doi.org/10.1007/s10791-018-9341-2,Search bias quantification: investigating political bias in social media and web search,"Juhi Kulshrestha, Motahhare Eslami, Johnnatan Messias, Muhammad Bilal Zafar, Saptarshi Ghosh, Krishna P. Gummadi, and Karrie Karahalios",Urman et al.
[176],2019,Google,Distortion,"News distribution, Information quality",Non-persona scrape,Search,English,US,US,https://doi.org/10.1145/3290605.3300683,Search as News Curator: The Role of Google in Shaping Attention to News Information,Daniel Trielli and Nicholas Diakopoulos,Urman et al.
[95],2019,"Facebook, Google, Instagram, Twitter",Discrimination,Discrimination,Repurposing,Ad delivery,English,Comprehensive,US,https://doi.org/10.1287/mnsc.2018.3093,Algorithmic Bias? An Empirical Study of Apparent Gender-Based Discrimination in the Display of STEM Career Ads,Anja Lambrecht and Catherine Tucker,Urman et al.
[51],2019,LinkedIn,Discrimination,Discrimination,Platform-led experiment,Search,English,US,US,https://doi.org/10.1145/3292500.3330691,Fairness-Aware Ranking in Search & Recommendation Systems with Application to LinkedIn Talent Search,"Sahin Cem Geyik, Stuart Ambler, and Krishnaram Kenthapadi",Urman et al.
[117],2019,Google,Distortion,Information quality,Non-persona scrape,Search,English,US,US,https://doi.org/10.1145/3359231,"Search Media and Elections: A Longitudinal Investigation of Political Search Results. Proceedings of the ACM on Human-Computer Interaction 3, CSCW (Nov. 2019),","Danaë Metaxa, Joon Sung Park, James A. Landay, and Jeff Hancock",Urman et al.
[146],2019,"Google, Bing",Distortion,Information quality,Non-persona scrape,Search,English,US,US,https://doi.org/10.1145/3292522.3326047,Auditing Autocomplete: Suggestion Networks and Recursive Algorithm Interrogation,"Ronald E. Robertson, Shan Jiang, David Lazer, and Christo Wilson",Urman et al.
[27],2019,Google,Distortion,Information quality,Non-persona scrape,Search,"English, Spanish, French","Spain, France, Mexico, US, UK",Spain,https://doi.org/10.3145/epi.2019.mar.13,"Dr. Google, what can you tell me about homeopathy? Comparative study of the top10 websites in the United States, United Kingdom, France, Mexico and Spain",Lorena Cano-Orón,Urman et al.
[189],2019,"Facebook, Acxiom, Epsiolon, Experian, Oracle (Datalogix)",Misjudgement,Group misrepresentation,Crowdsourcing,Ad delivery,Mixed,"US, Australia, UK, Germany, France, Brazil, Japan","US, Germany",https://doi.org/10.1145/3308558.3313666,Auditing Offline Data Brokers via Facebook’s Advertising Platform,"Giridhari Venkatadri, Piotr Sapiezynski, Elissa M. Redmiles, Alan Mislove, Oana Goga, Michelle Mazurek, and Krishna P. Gummadi",Urman et al.
[16],2019,"Google, Facebook, Oracle BlueKai, Neilsen eXelate",Misjudgement,Group misrepresentation,Crowdsourcing,Ad delivery,Mixed,"US, Pakistan","US, Pakistan",https://doi.org/10.14722/ndss.2019.23392,Quantity vs. Quality: Evaluating User Interest Profiles Using Ad Preference Managers,"Muhammad Ahmad Bashir, Umar Farooq, Maryam Shahid, Muhammad Fareed Zaffar, and Christo Wilson",Urman et al.
[190],2019,Google,Exploitation,Information quality,Persona scrape,Search,English,US,US,https://doi.org/10.1609/icwsm.v13i01.3248,"Measuring the Importance of User-Generated Content to Search Engines. Proceedings of the International AAAI Conference on Web and Social Media 13 (July 2019),","Nicholas Vincent, Isaac Johnson, Patrick Sheehan, and Brent Hecht",Urman et al.
[177],2018,Google,Misjudgement,Group misrepresentation,Crowdsourcing,Ad delivery,English,US,US,https://doi.org/10.1145/3267323.3268962,The Accuracy of the Demographic Inferences Shown on Google’s Ad Settings,"Michael Carl Tschantz, Serge Egelman, Jaeyoung Choi, Nicholas Weaver, and Gerald Friedland",Urman et al.
[32],2018,Google,Distortion,Filter bubble,Crowdsourcing,Search,Dutch,Belgium,Belgium,https://doi.org/10.1016/j.tele.2018.07.004,"Challenging Google Search filter bubbles in social and political information: Disconforming evidence from a digital methods case study. Telematics and Informatics 35, 7 (Oct. 2018),","Cédric Courtois, Laura Slechten, and Lennert Coenen",Urman et al.
[18],2018,Facebook,Distortion,"Filter bubble, News distribution",Crowdsourcing,Recommendation,Danish,Denmark,Denmark,https://doi.org/10.1080/21670811.2018.1510741,Are We Exposed to the Same “News” in the News Feed?: An empirical analysis of filter bubbles as information similarity for Danish Facebook users,Anja Bechmann and Kristoffer L. Nielbo,Urman et al.
[59],2018,Google,Distortion,"News distribution, Filter bubble",Persona scrape,Recommendation,German,Germany,Germany,https://doi.org/10.1080/21670811.2017.1338145,Burst of the Filter Bubble?: Effects of personalization on the diversity of Google News,"Mario Haim, Andreas Graefe, and Hans-Bernd Brosius",Urman et al.
[144],2018,YouTube,Distortion,Information quality,Non-persona scrape,Search,English,Mixed,"Netherlands, Australia, Spain",https://doi.org/10.1177/1354856517736982,"From ranking algorithms to ‘ranking cultures’: Investigating the modulation of visibility in YouTube search results. Convergence: The International Journal of Research into New Media Technologies 24, 1 (Feb. 2018),","Bernhard Rieder, Ariadna Matamoros-Fernández, and Òscar Coromina",Urman et al.
[145],2018,Google,Distortion,"Filter bubble, Information quality",Crowdsourcing,Search,English,US,US,https://doi.org/10.1145/3274417,"Auditing Partisan Audience Bias within Google Search. Proceedings of the ACM on Human-Computer Interaction 2, CSCW (Nov. 2018),","Ronald E. Robertson, Shan Jiang, Kenneth Joseph, Lisa Friedland, David Lazer, and Christo Wilson",Urman et al.
[147],2018,Google,Distortion,"Personalization, Information quality",Crowdsourcing,Search,English,US,US,https://doi.org/10.1145/3178876.3186143,Auditing the Personalization and Composition of Politically-Related Search Engine Results Pages,"Ronald E. Robertson, David Lazer, and Christo Wilson",Urman et al.
[28],2018,New York Times,Distortion,"News distribution, personalization",Persona scrape,Recommendation,English,US,India,https://doi.org/10.1109/ASONAM.2018.8508812,Analyzing the News Coverage of Personalized Newspapers,Abhijnan Chakraborty and Niloy Ganguly,Urman et al.
[68],2018,"Booking, Hotels, Avis, Hrs, Orbitz",Discrimination,Price discrimination,Persona scrape,E-commerce,Mixed,"France, Georgia, Germany, Pakistan, Russia, US","Netherlands, Germany",https://doi.org/10.1145/3176258.3176338,An Empirical Study on Online Price Differentiation,"Thomas Hupperich, Dennis Tatang, Nicolai Wilkop, and Thorsten Holz",Urman et al.
[29],2018,"Indeed, Monster, CareerBuilder",Discrimination,Discrimination,Persona scrape,Search,English,US,US,https://doi.org/10.1145/3173574.3174225,Investigating the Impact of Gender on Rank in Resume Search Engines,"Le Chen, Ruijun Ma, Anikó Hannák, and Christo Wilson",Urman et al.
[25],2018,Facebook,Exploitation,Group misrepresentation,Repurposing,Ad delivery,Mixed,EU,Spain,,Unveiling and Quantifying Facebook Exploitation of Sensitive Personal Data for Advertising Purposes,"José González Cabañas, Ángel Cuevas, and Rubén Cuevas",Urman et al.
[40],2017,Spotify,Distortion,Personalization,Persona scrape,Recommendation,Mixed,Mixed,Sweden,https://doi.org/10.3384/cu.2000.1525.1792163,Tracking Gendered Streams,Maria C. Eriksson and Anna Johansson,Urman et al.
[163],2017,Spotify,Distortion,Personalization,Persona scrape,Recommendation,Mixed,Mixed,Sweden,https://doi.org/10.3384/cu.2000.1525.1792184,More of the Same – On Spotify Radio,Pelle Snickars,Urman et al.
[41],2017,Booking,Distortion,Information quality,Non-persona scrape,E-commerce,English,US,US,https://doi.org/10.1609/icwsm.v11i1.14898,"“Be Careful; Things Can Be Worse than They Appear”: Understanding Biased Algorithms and Users’ Behavior Around Them in Rating Platforms. Proceedings of the International AAAI Conference on Web and Social Media 11, 1 (May 2017), 62–71. Number: 1.Crossref","Motahhare Eslami, Kristen Vaccaro, Karrie Karahalios, and Kevin Hamilton",Urman et al.
[91],2017,"Twitter, Google",Distortion,Information quality,Non-persona scrape,Search,English,US,"US, Germany",https://doi.org/10.1145/2998181.2998321,Quantifying Search Bias: Investigating Sources of Bias for Political Searches in Social Media,"Juhi Kulshrestha, Motahhare Eslami, Johnnatan Messias, Muhammad Bilal Zafar, Saptarshi Ghosh, Krishna P. Gummadi, and Karrie Karahalios",Urman et al.
[194],2017,News apps (wide range),Distortion,News distribution,Code audit,Recommendation,Mixed,US,US,https://doi.org/10.1080/21670811.2017.1366865,Coding the News: The role of computer code in filtering and distributing news,Matthew S. Weber and Allie Kosterich,Urman et al.
[62],2017,"TaskRabbit, Fiverr",Discrimination,Discrimination,Non-persona scrape,Search,English,US,US,https://doi.org/10.1145/2998181.2998327,Bias in Online Freelance Marketplaces: Evidence from TaskRabbit and Fiverr,"Anikó Hannák, Claudia Wagner, David Garcia, Alan Mislove, Markus Strohmaier, and Christo Wilson",Urman et al.
[126],2017,Spotify,Exploitation,Group misrepresentation,Non-persona scrape,Ad delivery,Mixed,Mixed,Sweden,https://doi.org/10.3384/cu.2000.1525.1792212,Studying Ad Targeting with Digital Methods: The Case of Spotify,Roger Mähler and Patrick Vonderau,Urman et al.
[115],2017,Google,Exploitation,Information quality,Crowdsourcing,Search,English,US,US,https://doi.org/10.1609/icwsm.v11i1.14883,"The Substantial Interdependence of Wikipedia and Google: A Case Study on the Relationship Between Peer Production Communities and Information Technologies. Proceedings of the International AAAI Conference on Web and Social Media 11, 1 (May 2017),","Connor McMahon, Isaac Johnson, and Brent Hecht",Urman et al.
[164],2016,"Google, Bing",Distortion,Personalization,Persona scrape,Search,NA,"Morocco, Argentina, China, India, Russia, Ukraine",US,https://doi.org/10.1145/2872427.2883016,MapWatch: Detecting and Monitoring International Border Personalization on Online Maps,"Gary Soeller, Karrie Karahalios, Christian Sandvig, and Christo Wilson",Urman et al.
[6],2016,"Google, Bing",Discrimination,Group misrepresentation,Non-persona scrape,Search,Mixed,Diverse (shortened here for readability),Brazil,https://doi.org/10.1007/978-3-319-47880-7_26,Identifying Stereotypes in the Online Perception of Physical Attractiveness,"Camila Souza Araújo, Wagner Meira, and Virgilio Almeida",Urman et al.
[30],2016,Amazon,Discrimination,Price discrimination,Non-persona scrape,E-commerce,English,US,US,https://doi.org/10.1145/2872427.2883089,An Empirical Analysis of Algorithmic Pricing on Amazon Marketplace,"Le Chen, Alan Mislove, and Christo Wilson",Urman et al.
[86],2015,Google,Distortion,Personalization,Persona scrape,Search,English,US,US,https://doi.org/10.1145/2815675.2815714,"Location, Location, Location: The Impact of Geolocation on Web Search Personalization","Chloe Kliman-Silver, Aniko Hannak, David Lazer, Christo Wilson, and Alan Mislove",Urman et al.
[37],2015,Google,Exploitation,Personalization,Persona scrape,Ad delivery,English,US,US,,"Automated Experiments on Ad Privacy Settings: A Tale of Opacity, Choice, and Discrimination","Amit Datta, Michael Carl Tschantz, and Anupam Datta",Urman et al.
[84],2015,Google,Discrimination,Group misrepresentation,Non-persona scrape,Search,English,US,US,https://doi.org/10.1145/2702123.2702520,Unequal Representation and Gender Stereotypes in Image Search Results for Occupations,"Matthew Kay, Cynthia Matuszek, and Sean A. Munson",Urman et al.
[61],2014,E-commerce (wide range),Discrimination,Price discrimination,"Persona scrape, Crowdsourcing",E-commerce,English,US,US,https://doi.org/10.1145/2663716.2663744,Measuring Price Discrimination and Steering on E-commerce Web Sites,"Aniko Hannak, Gary Soeller, David Lazer, Alan Mislove, and Christo Wilson",Urman et al.
[60],2013,Google,Distortion,Personalization,"Persona scrape, Crowdsourcing",Search,English,US,US,https://doi.org/10.1145/2488388.2488435,Measuring personalization of web search,"Aniko Hannak, Piotr Sapiezynski, Arash Molavi Kakhki, Balachander Krishnamurthy, David Lazer, Alan Mislove, and Christo Wilson",Urman et al.
[120],2013,E-commerce (wide range),Discrimination,Price discrimination,Crowdsourcing,E-commerce,Mixed,Mixed,Spain,https://doi.org/10.1145/2535372.2535415,Crowd-assisted search for price discrimination in e-commerce: first results,"Jakub Mikians, László Gyarmati, Vijay Erramilli, and Nikolaos Laoutaris",Urman et al.
[169],2013,Google,Discrimination,Group misrepresentation,Non-persona scrape,Ad delivery,English,US,US,,"Discrimination in Online Ad Delivery: Google ads, black names and white names, racial discrimination, and click advertising. Queue 11, 3 (March 2013), 10–29.Crossref",Latanya Sweeney,Urman et al.
[132],2013,Google,Discrimination,Group misrepresentation,Non-persona scrape,Search,English,US,US,,Google Search: Hyper-visibility as a Means of Rendering Black Women and Girls Invisible,Safiya Noble,Urman et al.
[119],2012,"Google, Bing, Amazon, E-commerce (wide range)",Discrimination,Price discrimination,Persona scrape,E-commerce,Mixed,"Greece, Hungary, Italy, Germany, US, Austria, UK, Poland, Spain","US, Spain",https://doi.org/10.1145/2390231.2390245,Detecting price and search discrimination on the internet,"Jakub Mikians, László Gyarmati, Vijay Erramilli, and Nikolaos Laoutaris",Urman et al.
